corpus,experimental_file,experimental_utterance,responder,experimental_response,experimental_start_time_minutes,experimental_past_tense,experimental_plural,experimental_elan_coded,experimental_age_years,experimental_length,experimental_utt_num,experimental_response_time,experimental_age_months,control_length,control_age_months,control_utterance,control_response,control_response_time,speaker,control_start_time_minutes,control_age,control_past_tense,control_plural,control_file,diff
ben,020413,it falled out,MOT,it fall out,22.2559,TRUE,FALSE,TRUE,2.3696098562628336,3,1,130,28,3,28,they're go downhill,downhill,0,CHI,9.31695,865.5,FALSE,FALSE,020413,0
ben,020413,it falled out,MOT,it fall out,22.2559,TRUE,FALSE,TRUE,2.3696098562628336,3,1,130,28,3,28,uh si down,what's he doin on the chair,0,CHI,19.435166666666664,879.5,FALSE,FALSE,020427,0
ben,020413,it falled out,MOT,it fall out,22.2559,TRUE,FALSE,TRUE,2.3696098562628336,3,1,130,28,3,28,this is cow,that's a cow yes,0,CHI,27.78535,858.5,FALSE,FALSE,020406,0
ben,020804,it wa it was broked off,RYA,it was broked off,22.5452667,TRUE,FALSE,TRUE,2.6789869952087613,6,1,85,32,6,32,because they're was hidin in there,they're hiding in there,0,CHI,30.0331,990.5,FALSE,FALSE,020816,0
ben,020804,it wa it was broked off,RYA,it was broked off,22.5452667,TRUE,FALSE,TRUE,2.6789869952087613,6,1,85,32,6,32,no the puppy's not in there,puppy,0,CHI,9.51685,978.5,FALSE,FALSE,020804,0
ben,020804,it wa it was broked off,RYA,it was broked off,22.5452667,TRUE,FALSE,TRUE,2.6789869952087613,6,1,85,32,6,32,watch he's watch he's gonna fly,okay I'll watch,0,CHI,10.183966666666667,990.5,FALSE,FALSE,020816,0
ben,030221,he sleeped,MOT,and then what,20.00805,TRUE,FALSE,TRUE,3.2245037645448322,2,1,2400,38,2,38,I no,okay,0,CHI,4.269466666666667,1177.75,FALSE,FALSE,030221,0
ben,030221,he sleeped,MOT,and then what,20.00805,TRUE,FALSE,TRUE,3.2245037645448322,2,1,2400,38,2,38,an zebra,no the zebra wasn't in the rainforest,0,CHI,22.006316666666667,1177.75,FALSE,FALSE,030221,0
ben,030221,he sleeped,MOT,and then what,20.00805,TRUE,FALSE,TRUE,3.2245037645448322,2,1,2400,38,2,38,um ducks,ducks that's right and what else,0,CHI,22.14985,1177.75,FALSE,FALSE,030221,0
braunwald,011019,felled,MOT,you like to go to the beach,6.50015,TRUE,FALSE,TRUE,1.8870636550308009,1,1,740,22,1,22,xxx,www,0.8589999999999236,CHI,23.380233333333333,690.25,FALSE,FALSE,011020,0
braunwald,011019,felled,MOT,you like to go to the beach,6.50015,TRUE,FALSE,TRUE,1.8870636550308009,1,1,740,22,1,22,Daddy,okay,0.77800000000002,CHI,9.606050000000002,689.25,FALSE,FALSE,011019,0
braunwald,011019,felled,MOT,you like to go to the beach,6.50015,TRUE,FALSE,TRUE,1.8870636550308009,1,1,740,22,1,22,xxx,that's enough orange,0.0929999999998472,CHI,17.4175,690.25,FALSE,FALSE,011020,0
braunwald,020300a,I heared it,MOT,you didn't,24.54785,TRUE,FALSE,TRUE,2.2505133470225873,3,1,255,26,3,26,this for you,no it won't play through,-0.03899999999998727,CHI,15.514933333333333,822,FALSE,FALSE,020300a,0
braunwald,020300a,I heared it,MOT,you didn't,24.54785,TRUE,FALSE,TRUE,2.2505133470225873,3,1,255,26,3,26,kitty is ups,thank you,0.3140000000000214,CHI,7.422166666666667,803.5,FALSE,FALSE,020212a,0
braunwald,020300a,I heared it,MOT,you didn't,24.54785,TRUE,FALSE,TRUE,2.2505133470225873,3,1,255,26,3,26,I'm lovely boy,you're not xxx a boy,0.04599999999999227,CHI,5.5579,822,FALSE,FALSE,020300a,0
braunwald,020323,bird flewed at me,MOT,yes,2.671283333,TRUE,FALSE,TRUE,2.3134839151266258,4,1,-65,27,4,27,hear the xxx now,well,-0.012000000000000455,CHI,0.23579999999999998,827,FALSE,FALSE,020305,0
braunwald,020323,bird flewed at me,MOT,yes,2.671283333,TRUE,FALSE,TRUE,2.3134839151266258,4,1,-65,27,4,27,Rwww's bigger than me,yeah,0.1510000000000673,CHI,19.31935,845,FALSE,FALSE,020323,0
braunwald,020323,bird flewed at me,MOT,yes,2.671283333,TRUE,FALSE,TRUE,2.3134839151266258,4,1,-65,27,4,27,let's hear pishy now,okay,-0.17400000000003502,CHI,5.9060999999999995,827,FALSE,FALSE,020305,0
braunwald,020621,ah animals and fishes,MOT,animals and fishes,3.45275,FALSE,TRUE,TRUE,2.5585215605749485,4,1,127,30,4,30,Mummy I xxx pie,www,4.128000000000043,CHI,5.211766666666667,919.5,FALSE,FALSE,020606,0
braunwald,020621,ah animals and fishes,MOT,animals and fishes,3.45275,FALSE,TRUE,TRUE,2.5585215605749485,4,1,127,30,4,30,and stay all night,and stay over night,-0.07100000000002638,CHI,5.069083333333333,916.5,FALSE,FALSE,020603,0
braunwald,020621,ah animals and fishes,MOT,animals and fishes,3.45275,FALSE,TRUE,TRUE,2.5585215605749485,4,1,127,30,4,30,he said yes please,www,0.09699999999997999,CHI,10.6243,923.5,TRUE,FALSE,020610,0
braunwald,030528a,my toast is burned,MOT,uhuh,3.219316667,TRUE,FALSE,TRUE,3.4941820670773445,4,1,-860,41,4,41,I wanna say xxx,okay,0.1269999999999527,CHI,21.81978333333333,1276.25,FALSE,FALSE,030528a,0
braunwald,030528a,my toast is burned,MOT,uhuh,3.219316667,TRUE,FALSE,TRUE,3.4941820670773445,4,1,-860,41,4,41,look what Shaun did,what,0.12799999999992906,CHI,28.082383333333333,1276.25,FALSE,FALSE,030528b,0
braunwald,030528a,my toast is burned,MOT,uhuh,3.219316667,TRUE,FALSE,TRUE,3.4941820670773445,4,1,-860,41,4,41,hi hi hi Mama,hi,-0.011999999999999567,CHI,0.0832,1276.25,FALSE,FALSE,030528c,0
braunwald,040718d,I got it and it was all breaked,MOT,it was all broken,4.017133333,TRUE,FALSE,TRUE,4.633812457221081,8,1,405,55,8,55,sometimes xxx I'm bigger than a harp is,no,0.18599999999992178,CHI,18.647433333333332,1692.5,FALSE,FALSE,040718c,0
braunwald,040718d,I got it and it was all breaked,MOT,it was all broken,4.017133333,TRUE,FALSE,TRUE,4.633812457221081,8,1,405,55,8,55,Mommy I don't want xxx to read xxx,are you tired of this story,-1.2539999999999623,CHI,8.276533333333333,1692.5,FALSE,FALSE,040718c,0
braunwald,040718d,I got it and it was all breaked,MOT,it was all broken,4.017133333,TRUE,FALSE,TRUE,4.633812457221081,8,1,405,55,8,55,I'm just I'm just too big for it,you are too big for this,0.011000000000024102,CHI,8.451633333333334,1692.5,FALSE,FALSE,040718c,0
emily,020606,he drinked it all,CAR,he drinked it all,38.5225,TRUE,FALSE,TRUE,2.517453798767967,4,1,520,30,4,30,do you see Piglet,yeah,0,CHI,19.998283333333333,919.5,FALSE,FALSE,020606,0
emily,020606,he drinked it all,CAR,he drinked it all,38.5225,TRUE,FALSE,TRUE,2.517453798767967,4,1,520,30,4,30,but that's neato trick,neato trick a neato,0,CHI,30.515866666666668,933.5,FALSE,FALSE,020620,0
emily,020606,he drinked it all,CAR,he drinked it all,38.5225,TRUE,FALSE,TRUE,2.517453798767967,4,1,520,30,4,30,get out of there,hey,0,CHI,13.00865,919.5,FALSE,FALSE,020606,0
emily,020704,I drawed chalk only for kids,CAR,what's for kids,29.218,TRUE,FALSE,TRUE,2.595482546201232,6,4,520,31,6,31,I'm get my own xxx book,Blues_Clues,0,CHI,27.584966666666666,962,FALSE,FALSE,020718,0
emily,020704,I drawed chalk only for kids,CAR,what's for kids,29.218,TRUE,FALSE,TRUE,2.595482546201232,6,4,520,31,6,31,the frog says r ribbit ribbit,what are you doing right now,0,CHI,28.336566666666666,948,FALSE,FALSE,020704,0
emily,020704,I drawed chalk only for kids,CAR,what's for kids,29.218,TRUE,FALSE,TRUE,2.595482546201232,6,4,520,31,6,31,it's dis my puzzle to build,yeah and can you tell me the story of when we got this puzzle,-1,CHI,8.382216666666666,948,FALSE,FALSE,020704,0
emily,020704,I drawed with him,CAR,what'd you draw,29.15705,TRUE,FALSE,TRUE,2.595482546201232,4,3,700,31,4,31,those are my Teletubbies,I know they are but you hafta play with me,0,CHI,7.769,973,FALSE,FALSE,020729,0
emily,020704,I drawed with him,CAR,what'd you draw,29.15705,TRUE,FALSE,TRUE,2.595482546201232,4,3,700,31,4,31,no I'm not sharin,please share with me,0,CHI,17.334833333333332,973,FALSE,FALSE,020729,0
emily,020704,I drawed with him,CAR,what'd you draw,29.15705,TRUE,FALSE,TRUE,2.595482546201232,4,3,700,31,4,31,to Grammy's house again,where's are you in Mommy's belly in this picture,0,CHI,8.623966666666666,962,FALSE,FALSE,020718,0
emily,020704,the phone run runned on,CAR,the answering machine,25.86203333,TRUE,FALSE,TRUE,2.595482546201232,5,2,1040,31,5,31,he's goin by his self,when's Uncle_Ryan coming to see you,0,CHI,14.12725,962,FALSE,FALSE,020718,0
emily,020704,the phone run runned on,CAR,the answering machine,25.86203333,TRUE,FALSE,TRUE,2.595482546201232,5,2,1040,31,5,31,why is Sammy on this,Sammy's that's just a statue that looks like Sammy,0,CHI,31.070083333333333,962,FALSE,FALSE,020718,0
emily,020704,the phone run runned on,CAR,the answering machine,25.86203333,TRUE,FALSE,TRUE,2.595482546201232,5,2,1040,31,5,31,that's that's a little tent,hey did Cassandra move up to a bigger swimming grade,0,CHI,27.767316666666666,948,FALSE,FALSE,020704,0
emily,020704,the scrap book falled in the water,CAR,yeah,11.81675,TRUE,FALSE,TRUE,2.595482546201232,7,1,190,31,7,31,not no I landed on the tooler,you landed on the cooler,0,CHI,15.347566666666667,973,FALSE,FALSE,020729,0
emily,020704,the scrap book falled in the water,CAR,yeah,11.81675,TRUE,FALSE,TRUE,2.595482546201232,7,1,190,31,7,31,they're donna to eat supper I eat,you mean supper uhhuh,0,CHI,7.152383333333333,948,FALSE,FALSE,020704,0
emily,020704,the scrap book falled in the water,CAR,yeah,11.81675,TRUE,FALSE,TRUE,2.595482546201232,7,1,190,31,7,31,this is my this is my notebook,what's this,0,CHI,6.45925,973,FALSE,FALSE,020729,0
emily,020718,he waked up,CAR,he did,26.07825,TRUE,FALSE,TRUE,2.6338124572210813,3,2,1220,31,3,31,because he does,hm where does your daddy work,0,CHI,0.7531333333333333,962,FALSE,FALSE,020718,0
emily,020718,he waked up,CAR,he did,26.07825,TRUE,FALSE,TRUE,2.6338124572210813,3,2,1220,31,3,31,that's my notebook,is it just a book or is it your notebook,0,CHI,6.594733333333334,973,FALSE,FALSE,020729,0
emily,020718,he waked up,CAR,he did,26.07825,TRUE,FALSE,TRUE,2.6338124572210813,3,2,1220,31,3,31,yeah yeah yeah,and what happened where you couldn't get it,0,CHI,19.659783333333333,962,FALSE,FALSE,020718,0
emily,020718,I falled off o there,CAR,no this happened last weekend,5.99705,TRUE,FALSE,TRUE,2.6338124572210813,5,1,510,31,5,31,did did he come here,Quincy,0,CHI,1.7484166666666667,962,FALSE,FALSE,020718,0
emily,020718,I falled off o there,CAR,no this happened last weekend,5.99705,TRUE,FALSE,TRUE,2.6338124572210813,5,1,510,31,5,31,and these are my stickers,okay what do real butterflies do,0,CHI,26.7728,948,FALSE,FALSE,020704,0
emily,020718,I falled off o there,CAR,no this happened last weekend,5.99705,TRUE,FALSE,TRUE,2.6338124572210813,5,1,510,31,5,31,water went inside the boa,yeah,0,CHI,23.753916666666665,948,FALSE,FALSE,020704,0
emily,020729,right on his foots,CAR,he did,16.44675,FALSE,TRUE,TRUE,2.6639288158795345,4,1,830,31,4,31,here one for me,is that a crab,3,CHI,21.2305,948,FALSE,FALSE,020704,0
emily,020729,right on his foots,CAR,he did,16.44675,FALSE,TRUE,TRUE,2.6639288158795345,4,1,830,31,4,31,now he's sleepin again,a good puppy,0,CHI,23.692566666666668,973,FALSE,FALSE,020729,0
emily,020729,right on his foots,CAR,he did,16.44675,FALSE,TRUE,TRUE,2.6639288158795345,4,1,830,31,4,31,that's my favorite food,it is,0,CHI,19.777583333333332,973,FALSE,FALSE,020729,0
emily,020902,but he he goed to his mommy and daddy way over there,CAR,how'd you get that boo_boo,15.61641667,TRUE,FALSE,TRUE,2.757015742642026,12,2,2230,33,12,33,he's in a ca because he wanna see his mommy and daddy,like Quincy huh,0,CHI,13.025166666666667,1007,FALSE,FALSE,020902,0
emily,020902,but he he goed to his mommy and daddy way over there,CAR,how'd you get that boo_boo,15.61641667,TRUE,FALSE,TRUE,2.757015742642026,12,2,2230,33,12,33,but I show you some of my books in my toy box,okay read them to me,0,CHI,9.019083333333333,1028,FALSE,FALSE,020923,0
emily,020902,but he he goed to his mommy and daddy way over there,CAR,how'd you get that boo_boo,15.61641667,TRUE,FALSE,TRUE,2.757015742642026,12,2,2230,33,12,33,Anthony's got a problem he can't wiggle on the these these Widdles,oh so he has a problem,0,CHI,3.4928666666666666,1028,FALSE,FALSE,020923,0
emily,020902,he flied a big plane to his mommy and daddy,CAR,mm hm,2.31335,TRUE,FALSE,TRUE,2.757015742642026,10,1,-30,33,10,33,he's goin potty and that other cat is lookin look,he's lookin at him goin potty huh,0,CHI,15.1473,1007,FALSE,FALSE,020902,0
emily,020902,he flied a big plane to his mommy and daddy,CAR,mm hm,2.31335,TRUE,FALSE,TRUE,2.757015742642026,10,1,-30,33,10,33,they're somewhere but he's livin with the mom and dad,they live in California,0,CHI,2.1290999999999998,1007,FALSE,FALSE,020902,0
emily,020902,he flied a big plane to his mommy and daddy,CAR,mm hm,2.31335,TRUE,FALSE,TRUE,2.757015742642026,10,1,-30,33,10,33,I gonna get something for your birthday I can give,what did James just do,0,CHI,8.773466666666668,1007,FALSE,FALSE,020902,0
emily,020902,I fighted with her too,CAR,you fought with Grandma,18.28383333,TRUE,FALSE,TRUE,2.757015742642026,5,3,170,33,5,33,you can't play with anything,I don't wanna play with your toys,0,CHI,1.0915333333333335,1028,FALSE,FALSE,020923,0
emily,020902,I fighted with her too,CAR,you fought with Grandma,18.28383333,TRUE,FALSE,TRUE,2.757015742642026,5,3,170,33,5,33,no now I loosened it,okay,0,CHI,6.50445,1007,FALSE,FALSE,020902,0
emily,020902,I fighted with her too,CAR,you fought with Grandma,18.28383333,TRUE,FALSE,TRUE,2.757015742642026,5,3,170,33,5,33,when her paws grow up,mm hm,0,CHI,4.6626666666666665,1007,FALSE,FALSE,020902,0
emily,020923,I swinged it on my head,CAR,did that hurt,4.550633333,TRUE,FALSE,TRUE,2.8145106091718,6,1,1250,33,6,33,wait till I show Mom these,what,0,CHI,5.085483333333333,1007,FALSE,FALSE,020902,0
emily,020923,I swinged it on my head,CAR,did that hurt,4.550633333,TRUE,FALSE,TRUE,2.8145106091718,6,1,1250,33,6,33,I'm gonna stay here with Grandma,oh okay,0,CHI,19.353216666666665,1007,FALSE,FALSE,020902,0
emily,020923,I swinged it on my head,CAR,did that hurt,4.550633333,TRUE,FALSE,TRUE,2.8145106091718,6,1,1250,33,6,33,but my cat sorta of pukes,okay,0,CHI,23.646516666666667,1028,FALSE,FALSE,020923,0
emily,021007,have you hadded presents and cake,CAR,I did,20.04045,TRUE,FALSE,TRUE,2.8542094455852154,6,2,470,34,6,34,I hafta take this basket away,from who,0,CHI,19.370416666666664,1042.5,FALSE,FALSE,021007,0
emily,021007,have you hadded presents and cake,CAR,I did,20.04045,TRUE,FALSE,TRUE,2.8542094455852154,6,2,470,34,6,34,but Mom doesn't have a mustache,no girls don't have mustaches,0,CHI,2.0345666666666666,1063.5,FALSE,FALSE,021028,0
emily,021007,have you hadded presents and cake,CAR,I did,20.04045,TRUE,FALSE,TRUE,2.8542094455852154,6,2,470,34,6,34,I di wanna talk to Santa,why,0,CHI,1.56335,1063.5,FALSE,FALSE,021028,0
emily,021007,I Daddy Stuart_Little and Mom Stuart_Little and I I have three mouses,CAR,oh okay,21.29648333,FALSE,TRUE,TRUE,2.8542094455852154,12,4,70,34,12,34,no my mom said that I hafta go upstairs in my room,oh she made you go upstairs,0,CHI,24.539716666666667,1042.5,FALSE,FALSE,021007,0
emily,021007,I Daddy Stuart_Little and Mom Stuart_Little and I I have three mouses,CAR,oh okay,21.29648333,FALSE,TRUE,TRUE,2.8542094455852154,12,4,70,34,12,34,let's go back to the mall and get a pret for me,no way,0,CHI,9.969899999999999,1063.5,FALSE,FALSE,021028,0
emily,021007,I Daddy Stuart_Little and Mom Stuart_Little and I I have three mouses,CAR,oh okay,21.29648333,FALSE,TRUE,TRUE,2.8542094455852154,12,4,70,34,12,34,come to my house and played and I was I just sad,you were sad,0,CHI,24.0601,1042.5,FALSE,FALSE,021007,0
emily,021007,mouses,CAR,okay,22.06006667,FALSE,TRUE,TRUE,2.8542094455852154,1,7,250,34,1,34,yes,it looks like Stuart_Little,0,CHI,16.227383333333332,1042.5,FALSE,FALSE,021007,0
emily,021007,mouses,CAR,okay,22.06006667,FALSE,TRUE,TRUE,2.8542094455852154,1,7,250,34,1,34,oh,uhoh what'd you do,0,CHI,24.508466666666667,1063.5,FALSE,FALSE,021028,0
emily,021007,mouses,CAR,okay,22.06006667,FALSE,TRUE,TRUE,2.8542094455852154,1,7,250,34,1,34,no,why not,0,CHI,31.18453333333333,1042.5,FALSE,FALSE,021007,0
emily,021007,mouses don't drive in crayons car,CAR,I know they don't,16.10658333,FALSE,TRUE,TRUE,2.8542094455852154,6,1,450,34,6,34,your birthday cake's not out there,no,0,CHI,27.98685,1042.5,FALSE,FALSE,021007,0
emily,021007,mouses don't drive in crayons car,CAR,I know they don't,16.10658333,FALSE,TRUE,TRUE,2.8542094455852154,6,1,450,34,6,34,no I can't clean it up,not you the janitor you hafta tell him,0,CHI,12.037666666666667,1042.5,FALSE,FALSE,021007,0
emily,021007,mouses don't drive in crayons car,CAR,I know they don't,16.10658333,FALSE,TRUE,TRUE,2.8542094455852154,6,1,450,34,6,34,pull that thread out my sock,you put it on Grandma's floor,0,CHI,22.702616666666664,1042.5,FALSE,FALSE,021007,0
emily,021007,mouses outside,CAR,what do mice do,22.0969,FALSE,TRUE,TRUE,2.8542094455852154,2,8,1360,34,2,34,a book,yeah,0,CHI,15.1592,1042.5,FALSE,FALSE,021007,0
emily,021007,mouses outside,CAR,what do mice do,22.0969,FALSE,TRUE,TRUE,2.8542094455852154,2,8,1360,34,2,34,he just,what am I doing to you,0,CHI,26.987166666666667,1042.5,FALSE,FALSE,021007,0
emily,021007,mouses outside,CAR,what do mice do,22.0969,FALSE,TRUE,TRUE,2.8542094455852154,2,8,1360,34,2,34,I gotta,hey,0,CHI,19.30165,1063.5,FALSE,FALSE,021028,0
emily,021007,my but my cat eat mouses,CAR,why do you call them mice sometimes and mouses other times,21.67221667,FALSE,TRUE,TRUE,2.8542094455852154,6,6,1540,34,6,34,I want cash register for Christmas,you do,0,CHI,11.5407,1063.5,FALSE,FALSE,021028,0
emily,021007,my but my cat eat mouses,CAR,why do you call them mice sometimes and mouses other times,21.67221667,FALSE,TRUE,TRUE,2.8542094455852154,6,6,1540,34,6,34,Cassandra's just not pickin her up,yeah,0,CHI,17.5131,1063.5,FALSE,FALSE,021028,0
emily,021007,my but my cat eat mouses,CAR,why do you call them mice sometimes and mouses other times,21.67221667,FALSE,TRUE,TRUE,2.8542094455852154,6,6,1540,34,6,34,I di wanna talk to Santa,why,0,CHI,1.56335,1063.5,FALSE,FALSE,021028,0
emily,021007,my cat ate my three mouses,CAR,you have three mice,21.12303333,FALSE,TRUE,TRUE,2.8542094455852154,6,3,1140,34,6,34,do we do we open this,mm hm,0,CHI,13.528250000000002,1063.5,FALSE,FALSE,021028,0
emily,021007,my cat ate my three mouses,CAR,you have three mice,21.12303333,FALSE,TRUE,TRUE,2.8542094455852154,6,3,1140,34,6,34,just just flip that tape over,why,0,CHI,22.16421666666667,1042.5,FALSE,FALSE,021007,0
emily,021007,my cat ate my three mouses,CAR,you have three mice,21.12303333,FALSE,TRUE,TRUE,2.8542094455852154,6,3,1140,34,6,34,pull that thread out my sock,you put it on Grandma's floor,0,CHI,22.702616666666664,1042.5,FALSE,FALSE,021007,0
emily,021007,my cat tried to eat my mouses,CAR,when,21.46855,FALSE,TRUE,TRUE,2.8542094455852154,7,5,120,34,7,34,and Ryan bought me pajamas and otcherskotch,an Etcher Etch_A_Sketch,0,CHI,21.679199999999998,1063.5,FALSE,FALSE,021028,0
emily,021007,my cat tried to eat my mouses,CAR,when,21.46855,FALSE,TRUE,TRUE,2.8542094455852154,7,5,120,34,7,34,oh you can buy it in a,oh he hasta get a basket that's right,0,CHI,4.65485,1042.5,FALSE,FALSE,021007,0
emily,021007,my cat tried to eat my mouses,CAR,when,21.46855,FALSE,TRUE,TRUE,2.8542094455852154,7,5,120,34,7,34,push the button and it will stop,mm hm,0,CHI,3.060483333333333,1063.5,FALSE,FALSE,021028,0
emily,021007,my mouses are back in my baby,CAR,they're back in your baby,29.5604,FALSE,TRUE,TRUE,2.8542094455852154,7,10,588,34,7,34,I gotta go home and feed Tiki,who's Tiki,0,CHI,14.76585,1063.5,FALSE,FALSE,021028,0
emily,021007,my mouses are back in my baby,CAR,they're back in your baby,29.5604,FALSE,TRUE,TRUE,2.8542094455852154,7,10,588,34,7,34,oh you can buy it in a,oh he hasta get a basket that's right,0,CHI,4.65485,1042.5,FALSE,FALSE,021007,0
emily,021007,my mouses are back in my baby,CAR,they're back in your baby,29.5604,FALSE,TRUE,TRUE,2.8542094455852154,7,10,588,34,7,34,if I if I be a armadillo,armadillos are fat,0,CHI,0.8615166666666667,1063.5,FALSE,FALSE,021028,0
emily,021007,my mouses gatta a babysitter,CAR,they're at the babysitters,29.35561667,FALSE,TRUE,TRUE,2.8542094455852154,5,9,1685,34,5,34,is this a big one,mm hm,0,CHI,6.607166666666667,1063.5,FALSE,FALSE,021028,0
emily,021007,my mouses gatta a babysitter,CAR,they're at the babysitters,29.35561667,FALSE,TRUE,TRUE,2.8542094455852154,5,9,1685,34,5,34,we we all ate it,mm hm,0,CHI,28.402733333333334,1042.5,FALSE,FALSE,021007,0
emily,021007,my mouses gatta a babysitter,CAR,they're at the babysitters,29.35561667,FALSE,TRUE,TRUE,2.8542094455852154,5,9,1685,34,5,34,now I have two rings,mm hm,0,CHI,7.629316666666667,1063.5,FALSE,FALSE,021028,0
emily,021115,I doed this when I goed ow,CAR,mm hm,24.5438,TRUE,FALSE,TRUE,2.9596167008898013,7,4,-60,35,7,35,but my Un calls me a man,Uncle_Aggie calls you a man,0,CHI,9.597366666666666,1081,FALSE,FALSE,021115,0
emily,021115,I doed this when I goed ow,CAR,mm hm,24.5438,TRUE,FALSE,TRUE,2.9596167008898013,7,4,-60,35,7,35,but he he didn't have a hat,oh no,0,CHI,1.5963333333333334,1095,FALSE,FALSE,021129,0
emily,021115,I doed this when I goed ow,CAR,mm hm,24.5438,TRUE,FALSE,TRUE,2.9596167008898013,7,4,-60,35,7,35,I just write a letter by myself,who'd you write a letter to,0,CHI,0.7492833333333333,1081,FALSE,FALSE,021115,0
emily,021115,I ripped it sinced I goed to bed,CAR,oh you ripped it since you went to bed,13.54418333,TRUE,FALSE,TRUE,2.9596167008898013,8,2,690,35,8,35,that's the end of a story no Abu,oh,0,CHI,16.817416666666666,1081,FALSE,FALSE,021115,0
emily,021115,I ripped it sinced I goed to bed,CAR,oh you ripped it since you went to bed,13.54418333,TRUE,FALSE,TRUE,2.9596167008898013,8,2,690,35,8,35,I couldn't I couldn't build a bigger snowman,you couldn't,0,CHI,2.89645,1095,FALSE,FALSE,021129,0
emily,021115,I ripped it sinced I goed to bed,CAR,oh you ripped it since you went to bed,13.54418333,TRUE,FALSE,TRUE,2.9596167008898013,8,2,690,35,8,35,he he swims a little bit and work,he does,0,CHI,4.6429,1081,FALSE,FALSE,021115,0
emily,021115,Mommy writed a letter and I writed a letter,CAR,did you put up a Christmas tree,2.2024,TRUE,FALSE,TRUE,2.9596167008898013,9,1,-80,35,9,35,then I get to dump it in the bank,mm hm,0,CHI,9.390016666666666,1095,FALSE,FALSE,021129,0
emily,021115,Mommy writed a letter and I writed a letter,CAR,did you put up a Christmas tree,2.2024,TRUE,FALSE,TRUE,2.9596167008898013,9,1,-80,35,9,35,but I have ta talk to Zee right now,okay talk to him,-0.20000000000004547,CHI,23.6915,1081,FALSE,FALSE,021115,0
emily,021115,Mommy writed a letter and I writed a letter,CAR,did you put up a Christmas tree,2.2024,TRUE,FALSE,TRUE,2.9596167008898013,9,1,-80,35,9,35,that's not my microphone and that's not my microphone,you don't get to wear your microphone,-1.0830000000000837,CHI,8.931833333333334,1081,FALSE,FALSE,021115,0
emily,030012,it died then the air comed out,CAR,oh,8.561333333,TRUE,FALSE,TRUE,3.0328542094455853,7,2,-60,36,7,36,Clifford wears a hat in the rain,okay,0,CHI,28.896816666666666,1107.75,FALSE,FALSE,030012,0
emily,030012,it died then the air comed out,CAR,oh,8.561333333,TRUE,FALSE,TRUE,3.0328542094455853,7,2,-60,36,7,36,xxx I spilled juice on my shirt,you did,0,CHI,16.267916666666668,1107.75,FALSE,FALSE,030012,0
emily,030012,it died then the air comed out,CAR,oh,8.561333333,TRUE,FALSE,TRUE,3.0328542094455853,7,2,-60,36,7,36,I'm gonna give this to the cats,Emily come here,0,CHI,27.291083333333333,1118.75,FALSE,FALSE,030023,0
emily,030012,no she falled down,CAR,yeah she did,25.48353333,TRUE,FALSE,TRUE,3.0328542094455853,4,3,180,36,4,36,I'm getting it off,no please leave it on,0,CHI,4.953366666666667,1118.75,FALSE,FALSE,030023,0
emily,030012,no she falled down,CAR,yeah she did,25.48353333,TRUE,FALSE,TRUE,3.0328542094455853,4,3,180,36,4,36,no even not Mom,I think Mommy helped you a few times,0,CHI,5.80745,1107.75,FALSE,FALSE,030012,0
emily,030012,no she falled down,CAR,yeah she did,25.48353333,TRUE,FALSE,TRUE,3.0328542094455853,4,3,180,36,4,36,we need the antennas,put the antennas up,0,CHI,22.48575,1118.75,FALSE,FALSE,030023,0
emily,040216,well it got teared down,CAR,uhhuh,9.31445,TRUE,FALSE,TRUE,4.210814510609172,5,1,230,50,5,50,can I do the banana,you're gonna do the banana one,0,CHI,7.7151499999999995,1538,FALSE,FALSE,040216,0
emily,040216,well it got teared down,CAR,uhhuh,9.31445,TRUE,FALSE,TRUE,4.210814510609172,5,1,230,50,5,50,let me put this down,how did you do that,0,CHI,2.6260499999999998,1538,FALSE,FALSE,040216,0
emily,040216,well it got teared down,CAR,uhhuh,9.31445,TRUE,FALSE,TRUE,4.210814510609172,5,1,230,50,5,50,well we have another Sam,who,0,CHI,20.089833333333335,1538,FALSE,FALSE,040216,0
emma,021116,she just waked up,FAT,oh she just woke she just waked up,18.80676667,TRUE,FALSE,TRUE,2.9623545516769334,4,2,340,35,4,35,she's very high now,yes she is very high,0,CHI,13.303983333333333,1082,FALSE,FALSE,021116,0
emma,021116,she just waked up,FAT,oh she just woke she just waked up,18.80676667,TRUE,FALSE,TRUE,2.9623545516769334,4,2,340,35,4,35,switched switched this these,oh you switched shells,0,CHI,25.03715,1082,FALSE,FALSE,021116,0
emma,021116,she just waked up,FAT,oh she just woke she just waked up,18.80676667,TRUE,FALSE,TRUE,2.9623545516769334,4,2,340,35,4,35,I like fish food,you do,0,CHI,24.329733333333333,1082,FALSE,FALSE,021116,0
emma,021116,she put it on it and the baby falled over,FAT,the baby falled over,19.79703333,TRUE,FALSE,TRUE,2.9623545516769334,10,3,30,35,11,35,and his other older sister is going to bring him down,who's the older sister,0,CHI,13.41065,1082,FALSE,FALSE,021116,1
emma,021116,she put it on it and the baby falled over,FAT,the baby falled over,19.79703333,TRUE,FALSE,TRUE,2.9623545516769334,10,3,30,35,9,35,and she is gonna sit in the back too,boy oh boy she's just a little big isn't she,0,CHI,19.436833333333333,1082,FALSE,FALSE,021116,1
emma,021116,she put it on it and the baby falled over,FAT,the baby falled over,19.79703333,TRUE,FALSE,TRUE,2.9623545516769334,10,3,30,35,10,34,the can you make a wool out of my bed,I dunno know let me see this sheep here looks like she doesn't have much wool left much hair left on her back,0,CHI,11.625566666666666,1061.5,FALSE,FALSE,021026,1
emma,030003,I just goed past you,FAT,you did go yeah,10.59941667,TRUE,FALSE,TRUE,3.008213552361396,5,1,90,36,5,36,that's not my wool blanket,this is sposta be for the cow,0,CHI,14.124533333333334,1098.75,FALSE,FALSE,030003,0
emma,030003,I just goed past you,FAT,you did go yeah,10.59941667,TRUE,FALSE,TRUE,3.008213552361396,5,1,90,36,5,36,help help it t talk,yeah well see,0,CHI,18.16531666666667,1098.75,FALSE,FALSE,030003,0
emma,030003,I just goed past you,FAT,you did go yeah,10.59941667,TRUE,FALSE,TRUE,3.008213552361396,5,1,90,36,5,36,that is the clean water,all right we'll stay in the clean water then,0,CHI,22.40351666666667,1098.75,FALSE,FALSE,030003,0
emma,030120,that my grandpa drawed that and grandpa drawed that,JES,grandpa helped you,1.425083333,TRUE,FALSE,TRUE,3.138261464750171,9,1,-70,37,9,37,with these red ones and the yellow ones xxx,and what's that,6,CHI,12.020549999999998,1146.25,FALSE,FALSE,030120,0
emma,030120,that my grandpa drawed that and grandpa drawed that,JES,grandpa helped you,1.425083333,TRUE,FALSE,TRUE,3.138261464750171,9,1,-70,37,9,37,I want mommy to stay in the living room,she will she's on the phone,0,CHI,0.25908333333333333,1152.25,FALSE,FALSE,030126,0
emma,030120,that my grandpa drawed that and grandpa drawed that,JES,grandpa helped you,1.425083333,TRUE,FALSE,TRUE,3.138261464750171,9,1,-70,37,9,37,we hafta find all of the red ones first,and what do you do with,0,CHI,4.470366666666666,1146.25,FALSE,FALSE,030120,0
emma,030721,he just r runned an gave it to me,JES,oh he brought it back,22.88621667,TRUE,FALSE,TRUE,3.642026009582478,9,1,-200,43,9,43,red we have and then we have blue inside,cool,-1,CHI,33.14138333333333,1330.25,FALSE,FALSE,030721,0
emma,030721,he just r runned an gave it to me,JES,oh he brought it back,22.88621667,TRUE,FALSE,TRUE,3.642026009582478,9,1,-200,43,9,43,I need this because I ha I need that,oh,0,CHI,42.524483333333336,1330.25,FALSE,FALSE,030721,0
emma,030721,he just r runned an gave it to me,JES,oh he brought it back,22.88621667,TRUE,FALSE,TRUE,3.642026009582478,9,1,-200,43,9,43,now I need blue outside and I found it,cool,0,CHI,38.06778333333333,1330.25,FALSE,FALSE,030721,0
emma,030907,I drinked it all,JES,good,31.56906667,TRUE,FALSE,TRUE,3.7707049965776864,4,3,410,45,4,45,don't drink it yet,okay I won't,0,CHI,6.141633333333333,1377.25,FALSE,FALSE,030907,0
emma,030907,I drinked it all,JES,good,31.56906667,TRUE,FALSE,TRUE,3.7707049965776864,4,3,410,45,4,45,slowly he's getting better,slowly that's good,-2,CHI,38.57765,1377.25,FALSE,FALSE,030907,0
emma,030907,I drinked it all,JES,good,31.56906667,TRUE,FALSE,TRUE,3.7707049965776864,4,3,410,45,4,45,here's your regular milk,here you go,0,CHI,31.18501666666667,1377.25,FALSE,FALSE,030907,0
emma,030907,I just buyed chocolate milk,JES,you did,30.91843333,TRUE,FALSE,TRUE,3.7707049965776864,5,2,-300,45,5,45,you can share my thing,I can,0,CHI,12.151833333333334,1377.25,FALSE,FALSE,030907,0
emma,030907,I just buyed chocolate milk,JES,you did,30.91843333,TRUE,FALSE,TRUE,3.7707049965776864,5,2,-300,45,5,45,you give twenty dollars back,oh okay,0,CHI,4.165933333333333,1377.25,FALSE,FALSE,030907,0
emma,030907,I just buyed chocolate milk,JES,you did,30.91843333,TRUE,FALSE,TRUE,3.7707049965776864,5,2,-300,45,5,45,and here's your cred card,oh thank you,0,CHI,25.857533333333333,1377.25,FALSE,FALSE,030907,0
emma,040300,and she even bringed a slide,LAU,a slide,0.196683333,TRUE,FALSE,TRUE,4.250513347022587,6,1,230,50,6,50,come on there is enough room,thank you,0,CHI,7.97115,1552.5,FALSE,FALSE,040300,0
emma,040300,and she even bringed a slide,LAU,a slide,0.196683333,TRUE,FALSE,TRUE,4.250513347022587,6,1,230,50,6,50,I'll get you you big dog,why doesn't anyone like me just I'm big,4.1,CHI,11.496083333333333,1552.5,FALSE,FALSE,040300,0
emma,040300,and she even bringed a slide,LAU,a slide,0.196683333,TRUE,FALSE,TRUE,4.250513347022587,6,1,230,50,6,50,just like my o other brother,baby Clifford,0,CHI,16.068033333333332,1552.5,FALSE,FALSE,040300,0
emma,040300,Jessica only bringed two o these,LAU,did she ever bring the big people too not like the little ones like this,4.885966667,TRUE,FALSE,TRUE,4.250513347022587,6,3,310,50,6,50,just like my o other brother,baby Clifford,0,CHI,16.068033333333332,1552.5,FALSE,FALSE,040300,0
emma,040300,Jessica only bringed two o these,LAU,did she ever bring the big people too not like the little ones like this,4.885966667,TRUE,FALSE,TRUE,4.250513347022587,6,3,310,50,6,50,we we have one of these,mm hm,0,CHI,1.5566666666666669,1552.5,FALSE,FALSE,040300,0
emma,040300,Jessica only bringed two o these,LAU,did she ever bring the big people too not like the little ones like this,4.885966667,TRUE,FALSE,TRUE,4.250513347022587,6,3,310,50,6,50,you can play with the sheep,okay,0,CHI,2.2089166666666666,1552.5,FALSE,FALSE,040300,0
emma,040300,we gotted,LAU,oh we got everybody,9.271383333,TRUE,FALSE,TRUE,4.250513347022587,2,4,297,50,2,50,hide them,okay,0,CHI,21.339016666666666,1552.5,FALSE,FALSE,040300,0
emma,040300,we gotted,LAU,oh we got everybody,9.271383333,TRUE,FALSE,TRUE,4.250513347022587,2,4,297,50,2,50,and this,not the marker though,0,CHI,5.2782333333333336,1552.5,FALSE,FALSE,040300,0
emma,040300,we gotted,LAU,oh we got everybody,9.271383333,TRUE,FALSE,TRUE,4.250513347022587,2,4,297,50,2,50,and dogs,and the brown dog,-1,CHI,22.414616666666667,1552.5,FALSE,FALSE,040300,0
emma,040321,someone throwed me forty four times on the ground,LAU,they threw you on the ground,30.01148333,TRUE,FALSE,TRUE,4.308008213552362,9,2,430,51,9,51,I would want I'll I'll look under my list,okay,0,CHI,9.969316666666666,1580.5,FALSE,FALSE,040328,0
emma,040321,someone throwed me forty four times on the ground,LAU,they threw you on the ground,30.01148333,TRUE,FALSE,TRUE,4.308008213552362,9,2,430,51,9,51,there's not a lot of room in my car,yeah it looks like kind of a small car,0,CHI,6.253133333333333,1573.5,FALSE,FALSE,040321,0
emma,040321,someone throwed me forty four times on the ground,LAU,they threw you on the ground,30.01148333,TRUE,FALSE,TRUE,4.308008213552362,9,2,430,51,9,51,how balloons and confetti but I think something else,a spiral for his birthday present,0,CHI,3.6611166666666666,1580.5,FALSE,FALSE,040328,0
emma,040321,the dog waked you up,LAU,maybe I should go back to bed huh,28.38351667,TRUE,FALSE,TRUE,4.308008213552362,5,1,4520,51,5,51,on the on the chair,I'll set it on this table here,0,CHI,15.293183333333333,1573.5,FALSE,FALSE,040321,0
emma,040321,the dog waked you up,LAU,maybe I should go back to bed huh,28.38351667,TRUE,FALSE,TRUE,4.308008213552362,5,1,4520,51,5,51,he'll help with the party,okay is what what's their name,0,CHI,19.053383333333333,1580.5,FALSE,FALSE,040328,0
emma,040321,the dog waked you up,LAU,maybe I should go back to bed huh,28.38351667,TRUE,FALSE,TRUE,4.308008213552362,5,1,4520,51,5,51,you draw whatever you want,okay,0,CHI,27.10408333333333,1580.5,FALSE,FALSE,040328,0
emma,040418,it's from Hans and Tamara sended it to us,LAU,who sent it to you,18.83481667,TRUE,FALSE,TRUE,4.383299110198494,9,2,450,52,9,52,Thanksgiving was when we go to lib with Seamus,yeah,0,CHI,1.1859,1601,FALSE,FALSE,040418,0
emma,040418,it's from Hans and Tamara sended it to us,LAU,who sent it to you,18.83481667,TRUE,FALSE,TRUE,4.383299110198494,9,2,450,52,9,52,I think we should have turkey balloons party favors,uhhuh,0,CHI,2.7749333333333337,1601,FALSE,FALSE,040418,0
emma,040418,it's from Hans and Tamara sended it to us,LAU,who sent it to you,18.83481667,TRUE,FALSE,TRUE,4.383299110198494,9,2,450,52,9,52,and their baby name their baby's name is Rosie,okay um maybe you and Katie can help set the table and then we'll bring out all the food okay,0,CHI,26.161350000000002,1601,FALSE,FALSE,040418,0
emma,040804,I know where we hided it,LAU,is it a chocolate cake too,30.34955,TRUE,FALSE,TRUE,4.678986995208761,6,1,3910,56,6,56,well the talking horse goes here,is he gonna eat breakfast with us too,0,CHI,22.732000000000003,1709,FALSE,FALSE,040804,0
emma,040804,I know where we hided it,LAU,is it a chocolate cake too,30.34955,TRUE,FALSE,TRUE,4.678986995208761,6,1,3910,56,6,56,we can pretend some new stuff,okay we can pretend some new stuff,0,CHI,0.6987333333333333,1709,FALSE,FALSE,040804,0
emma,040804,I know where we hided it,LAU,is it a chocolate cake too,30.34955,TRUE,FALSE,TRUE,4.678986995208761,6,1,3910,56,6,56,you hafta talk like a human,oh that's mine,0,CHI,23.45,1709,FALSE,FALSE,040804,0
jillian,020101,he falled,JEN,he falled,14.48725,TRUE,FALSE,TRUE,2.086242299794661,2,1,300,24,2,24,to daddy,to daddy,0,CHI,27.1056,762,FALSE,FALSE,020101,0
jillian,020101,he falled,JEN,he falled,14.48725,TRUE,FALSE,TRUE,2.086242299794661,2,1,300,24,2,24,uh call,you call,0,CHI,6.2647666666666675,762,FALSE,FALSE,020101,0
jillian,020101,he falled,MOT,so mommy can't xxx the couch,16.3885,TRUE,FALSE,TRUE,2.086242299794661,2,2,500,24,2,24,no mommy,hey what happened,0,CHI,12.765266666666667,762,FALSE,FALSE,020101,0
jillian,020108,I taked a shower,MOT,in the do you remember in the what in the sprinkler,13.21043333,TRUE,FALSE,TRUE,2.105407255304586,4,1,730,25,4,25,I needta tip it,it's really kind of empty,0,CHI,10.782683333333333,790,FALSE,FALSE,020129,0
jillian,020108,I taked a shower,MOT,in the do you remember in the what in the sprinkler,13.21043333,TRUE,FALSE,TRUE,2.105407255304586,4,1,730,25,4,25,you take the bath,yep,0,CHI,5.945966666666666,769,FALSE,FALSE,020108,0
jillian,020108,I taked a shower,MOT,in the do you remember in the what in the sprinkler,13.21043333,TRUE,FALSE,TRUE,2.105407255304586,4,1,730,25,4,25,where's de monkeys daddy,we didn't bring the monkeys this time Jilly bug,0,CHI,11.927833333333332,769,FALSE,FALSE,020108,0
jillian,020117,I sayed nothin,JEN,you said nothing,27.2636,TRUE,FALSE,TRUE,2.130047912388775,3,2,280,25,3,25,that's a horsie,oh,0,CHI,9.205833333333334,783,FALSE,FALSE,020122,0
jillian,020117,I sayed nothin,JEN,you said nothing,27.2636,TRUE,FALSE,TRUE,2.130047912388775,3,2,280,25,3,25,you can't see,no,0,CHI,12.013416666666666,783,FALSE,FALSE,020122,0
jillian,020117,I sayed nothin,JEN,you said nothing,27.2636,TRUE,FALSE,TRUE,2.130047912388775,3,2,280,25,3,25,to open things,okay,0,CHI,7.559466666666666,783,FALSE,FALSE,020122,0
jillian,020117,I swimmed in the bathtub,MOT,and who who do you pretend to be when you're in the bathtub,14.37141667,TRUE,FALSE,TRUE,2.130047912388775,5,1,325,25,5,25,xxx beauty xxx little xxx,it goes cat_hat remember that,-2,CHI,8.5807,778,FALSE,FALSE,020117,0
jillian,020117,I swimmed in the bathtub,MOT,and who who do you pretend to be when you're in the bathtub,14.37141667,TRUE,FALSE,TRUE,2.130047912388775,5,1,325,25,5,25,can I check you too,don't tickle Jenell,0,CHI,19.152716666666667,769,FALSE,FALSE,020108,0
jillian,020117,I swimmed in the bathtub,MOT,and who who do you pretend to be when you're in the bathtub,14.37141667,TRUE,FALSE,TRUE,2.130047912388775,5,1,325,25,5,25,mommy gotta go to work,okay,0,CHI,1.2733999999999999,778,FALSE,FALSE,020117,0
jillian,020129,I maked a a coat,MOT,it's cold,25.4876,TRUE,FALSE,TRUE,2.16290212183436,5,2,930,25,5,25,and now it's my turn,is it,0,CHI,21.293966666666666,778,FALSE,FALSE,020117,0
jillian,020129,I maked a a coat,MOT,it's cold,25.4876,TRUE,FALSE,TRUE,2.16290212183436,5,2,930,25,5,25,he's ta a n nap,he's taking a nap where is he taking a nap,0,CHI,28.96623333333333,769,FALSE,FALSE,020108,0
jillian,020129,I maked a a coat,MOT,it's cold,25.4876,TRUE,FALSE,TRUE,2.16290212183436,5,2,930,25,5,25,take her in the carriage,he did,0,CHI,4.6321666666666665,783,FALSE,FALSE,020122,0
jillian,020129,they sayed hi,JEN,they said hi,16.90391667,TRUE,FALSE,TRUE,2.16290212183436,3,1,603,25,3,25,and I want,then they are going to go to the kitchen for,-0.5999999999999943,CHI,3.529533333333333,769,FALSE,FALSE,020108,0
jillian,020129,they sayed hi,JEN,they said hi,16.90391667,TRUE,FALSE,TRUE,2.16290212183436,3,1,603,25,3,25,oh he's whistlin,is he,0,CHI,9.343333333333334,783,FALSE,FALSE,020122,0
jillian,020129,they sayed hi,JEN,they said hi,16.90391667,TRUE,FALSE,TRUE,2.16290212183436,3,1,603,25,3,25,I need milk,oh okay,0,CHI,5.4748,790,FALSE,FALSE,020129,0
jillian,020206,he taked his beard off,MOT,he did,16.791,TRUE,FALSE,TRUE,2.1834360027378508,5,1,20,26,5,26,oh that's my little chair,I'm sorry,0,CHI,22.549699999999998,797.5,FALSE,FALSE,020206,0
jillian,020206,he taked his beard off,MOT,he did,16.791,TRUE,FALSE,TRUE,2.1834360027378508,5,1,20,26,5,26,I can draw on this,xxx,0,CHI,16.000816666666665,797.5,FALSE,FALSE,020206,0
jillian,020206,he taked his beard off,MOT,he did,16.791,TRUE,FALSE,TRUE,2.1834360027378508,5,1,20,26,5,26,they were in the jungle,you think they were in the jungle,0,CHI,2.7950333333333335,797.5,FALSE,FALSE,020206,0
jillian,020206,I drawed xxx beach,MOT,you drawed the beach,25.54018333,TRUE,FALSE,TRUE,2.1834360027378508,4,2,480,26,4,26,and a mommy deer,wow and where were they,0,CHI,2.293766666666667,797.5,FALSE,FALSE,020206,0
jillian,020206,I drawed xxx beach,MOT,you drawed the beach,25.54018333,TRUE,FALSE,TRUE,2.1834360027378508,4,2,480,26,4,26,oh blow it away,you gotta blow it away,0,CHI,13.857466666666665,797.5,FALSE,FALSE,020206,0
jillian,020206,I drawed xxx beach,MOT,you drawed the beach,25.54018333,TRUE,FALSE,TRUE,2.1834360027378508,4,2,480,26,4,26,I need my milkshake,that's not the monster that's scary right,0,CHI,22.411416666666664,797.5,FALSE,FALSE,020206,0
jillian,020317,he drinked milk,JEN,oh he drinked milk,7.54155,TRUE,FALSE,TRUE,2.297056810403833,3,1,-210,27,3,27,go like this,yeah,0,CHI,30.50335,847,FALSE,FALSE,020325,0
jillian,020317,he drinked milk,JEN,oh he drinked milk,7.54155,TRUE,FALSE,TRUE,2.297056810403833,3,1,-210,27,3,27,for the kids,for the kids,0,CHI,3.70675,839,FALSE,FALSE,020317,0
jillian,020317,he drinked milk,JEN,oh he drinked milk,7.54155,TRUE,FALSE,TRUE,2.297056810403833,3,1,-210,27,3,27,a Jilly bed,this isn't this isn't a Jilly bed,0,CHI,16.674016666666667,847,FALSE,FALSE,020325,0
jillian,020317,his mommy his mommy goed to work,JEN,yeah,7.60635,TRUE,FALSE,TRUE,2.297056810403833,7,2,300,27,7,27,this is the table from the airplane,it i,0,CHI,3.3235333333333332,839,FALSE,FALSE,020317,0
jillian,020317,his mommy his mommy goed to work,JEN,yeah,7.60635,TRUE,FALSE,TRUE,2.297056810403833,7,2,300,27,7,27,the baby needs to wash her hands,she needs to wash her hands,0,CHI,3.971366666666667,839,FALSE,FALSE,020317,0
jillian,020317,his mommy his mommy goed to work,JEN,yeah,7.60635,TRUE,FALSE,TRUE,2.297056810403833,7,2,300,27,7,27,he needs he needs to go potty,hm,0,CHI,7.308233333333334,839,FALSE,FALSE,020317,0
jillian,020317,I drawed the sun,JEN,you did,14.23348333,TRUE,FALSE,TRUE,2.297056810403833,4,3,-75,27,4,27,I'm going to put,thanks,0,CHI,9.277966666666666,847,FALSE,FALSE,020325,0
jillian,020317,I drawed the sun,JEN,very good,14.30026667,TRUE,FALSE,TRUE,2.297056810403833,4,4,135,27,4,27,I do like that,oh you did like that,0,CHI,5.7502,839,FALSE,FALSE,020317,0
jillian,020317,I drawed the sun,JEN,you did,14.23348333,TRUE,FALSE,TRUE,2.297056810403833,4,3,-75,27,4,27,she needs to rest,why is she sick,-2.8769999999999527,CHI,22.9697,839,FALSE,FALSE,020317,0
jillian,020317,my cousins maked me a castle and I played with it,JEN,you did,30.12656667,TRUE,FALSE,TRUE,2.297056810403833,11,5,110,27,11,27,he's going ta he's going ta he's going to his Jillian,oh,0,CHI,16.0012,847,FALSE,FALSE,020325,0
jillian,020317,my cousins maked me a castle and I played with it,JEN,you did,30.12656667,TRUE,FALSE,TRUE,2.297056810403833,11,5,110,27,11,27,oh this one this one sits and this one doesn't sit,oh,0,CHI,11.883916666666666,839,FALSE,FALSE,020317,0
jillian,020317,my cousins maked me a castle and I played with it,JEN,you did,30.12656667,TRUE,FALSE,TRUE,2.297056810403833,11,5,110,27,11,27,she needs to go to the doctor's office with her mommy,oh no,0,CHI,24.869933333333332,839,FALSE,FALSE,020317,0
jillian,020325,I singed a song to the dinosaurs and then they were sleeping,CAT,really,4.6179,TRUE,FALSE,TRUE,2.31895961670089,12,1,70,27,11,27,he got the xxx he got the xxx on his back,yeah he looks kinda like the Cat_in_the_Hat huh,0,CHI,6.006116666666667,847,FALSE,FALSE,020325,1
jillian,020325,I singed a song to the dinosaurs and then they were sleeping,CAT,really,4.6179,TRUE,FALSE,TRUE,2.31895961670089,12,1,70,27,12,28,this is a little f farmer and this is a blue farmer,yeah it is,0,CHI,11.0001,861.5,FALSE,FALSE,020409,1
jillian,020325,I singed a song to the dinosaurs and then they were sleeping,CAT,really,4.6179,TRUE,FALSE,TRUE,2.31895961670089,12,1,70,27,12,28,he picks his dog up and then he barks to his daddy,oh,0,CHI,6.440133333333334,854.5,FALSE,FALSE,020402,1
jillian,020414,somebody drawed that picture,MOT,somebody did draw that picture,15.63918333,TRUE,FALSE,TRUE,2.3723477070499657,4,1,640,28,4,28,and the daddy goes,and the daddy's gonna go too,0,CHI,10.609533333333333,866.5,FALSE,FALSE,020414,0
jillian,020414,somebody drawed that picture,MOT,somebody did draw that picture,15.63918333,TRUE,FALSE,TRUE,2.3723477070499657,4,1,640,28,4,28,bones on her arm,okay,0,CHI,21.572116666666666,880.5,FALSE,FALSE,020428,0
jillian,020414,somebody drawed that picture,MOT,somebody did draw that picture,15.63918333,TRUE,FALSE,TRUE,2.3723477070499657,4,1,640,28,4,28,that's his big hat,that's on his head right,0,CHI,20.5835,880.5,FALSE,FALSE,020428,0
jillian,020421,drawed Jessie the cow,CAT,very good,27.57793333,TRUE,FALSE,TRUE,2.3915126625598906,4,1,450,28,4,28,you go to work,I go to work,0,CHI,14.88835,861.5,FALSE,FALSE,020409,0
jillian,020421,drawed Jessie the cow,CAT,very good,27.57793333,TRUE,FALSE,TRUE,2.3915126625598906,4,1,450,28,4,28,she's in the book,oh okay I see,0,CHI,14.409583333333334,861.5,FALSE,FALSE,020409,0
jillian,020421,drawed Jessie the cow,CAT,very good,27.57793333,TRUE,FALSE,TRUE,2.3915126625598906,4,1,450,28,4,28,oh I nee um,what do you need,0,CHI,18.6111,880.5,FALSE,FALSE,020428,0
jillian,020428,I baked you the milk and I maked you a burger,MOT,thanks,13.07145,TRUE,FALSE,TRUE,2.410677618069815,11,1,20,28,10,28,just take the chocolate then put them with the cows,this sounds like cows are coming home with us now,0,CHI,2.0996,866.5,FALSE,FALSE,020414,1
jillian,020428,I baked you the milk and I maked you a burger,MOT,thanks,13.07145,TRUE,FALSE,TRUE,2.410677618069815,11,1,20,28,10,28,he going to help Jessie get get off of that,xxx,0,CHI,17.694016666666666,873.5,FALSE,FALSE,020421,1
jillian,020428,I baked you the milk and I maked you a burger,MOT,thanks,13.07145,TRUE,FALSE,TRUE,2.410677618069815,11,1,20,28,11,27,and then the other baby goes to sleep when she cries,why is she cryin,0,CHI,25.99683333333333,847,FALSE,FALSE,020325,1
jillian,020507,well I throwed the giant away,CAT,okay but next time were gonna just pretend to throw him okay,28.20293333,TRUE,FALSE,TRUE,2.43668720054757,6,1,790,29,6,29,aw they poop in their diapers,oh no,-1,CHI,18.563383333333334,890,FALSE,FALSE,020507,0
jillian,020507,well I throwed the giant away,CAT,okay but next time were gonna just pretend to throw him okay,28.20293333,TRUE,FALSE,TRUE,2.43668720054757,6,1,790,29,6,29,because I don't like my bathie,you don't like taking your bath,0,CHI,22.979750000000003,909,FALSE,FALSE,020526,0
jillian,020507,well I throwed the giant away,CAT,okay but next time were gonna just pretend to throw him okay,28.20293333,TRUE,FALSE,TRUE,2.43668720054757,6,1,790,29,6,29,and we needta rinse their hair,oh we gotta wash their hair,0,CHI,7.577783333333333,890,FALSE,FALSE,020507,0
jillian,020521,I getted a pixies and a candy,CAT,you got candy right,19.43641667,TRUE,FALSE,TRUE,2.4750171115674195,7,2,-10,29,7,29,they are sleeping are at Vuvva's house,oh that's,0,CHI,19.80275,890,FALSE,FALSE,020507,0
jillian,020521,I getted a pixies and a candy,CAT,you got candy right,19.43641667,TRUE,FALSE,TRUE,2.4750171115674195,7,2,-10,29,7,29,the the little girl wants dress her,oh she's dressing herself in front of her table,0,CHI,2.9456333333333333,890,FALSE,FALSE,020507,0
jillian,020521,I getted a pixies and a candy,CAT,you got candy right,19.43641667,TRUE,FALSE,TRUE,2.4750171115674195,7,2,-10,29,7,29,this key and you get your key,where's my key,0,CHI,15.63695,890,FALSE,FALSE,020507,0
jillian,020521,we getted a pixies,CAT,and what did you get,19.3605,TRUE,FALSE,TRUE,2.4750171115674195,4,1,1090,29,4,29,can you camp too,can I can I what,-0.5,CHI,13.676583333333333,904,FALSE,FALSE,020521,0
jillian,020521,we getted a pixies,CAT,and what did you get,19.3605,TRUE,FALSE,TRUE,2.4750171115674195,4,1,1090,29,4,29,they're going to tricker,going to what,0,CHI,4.48895,904,FALSE,FALSE,020521,0
jillian,020521,we getted a pixies,CAT,and what did you get,19.3605,TRUE,FALSE,TRUE,2.4750171115674195,4,1,1090,29,4,29,I'll be the fairy,oh you'll be the fairy,0,CHI,17.78145,909,FALSE,FALSE,020526,0
jillian,020526,drinked water and they,MOT,when they were very tired they usually,8.640166667,TRUE,FALSE,TRUE,2.48870636550308,4,1,4340,29,4,29,I'll throw him too,oh Jilly don't throw toys,0,CHI,28.044766666666664,890,FALSE,FALSE,020507,0
jillian,020526,drinked water and they,MOT,when they were very tired they usually,8.640166667,TRUE,FALSE,TRUE,2.48870636550308,4,1,4340,29,4,29,okay gotta clean ups,okay,7,CHI,26.01543333333333,909,FALSE,FALSE,020526,0
jillian,020526,drinked water and they,MOT,when they were very tired they usually,8.640166667,TRUE,FALSE,TRUE,2.48870636550308,4,1,4340,29,4,29,is daddy comin today,no daddy's gonna meet us at home,0,CHI,22.0593,904,FALSE,FALSE,020521,0
jillian,020616,and then all the mommy was and then the Jillysaurs camed,CAT,the Jillysaurs came,8.8553,TRUE,FALSE,TRUE,2.544832306639288,11,5,460,30,11,30,did you dream about the bad bad flyin flyin um snail,did I,0,CHI,20.481766666666665,929.5,FALSE,FALSE,020616,0
jillian,020616,and then all the mommy was and then the Jillysaurs camed,CAT,the Jillysaurs came,8.8553,TRUE,FALSE,TRUE,2.544832306639288,11,5,460,30,11,30,he needs to play with his friends sometimes in the mud,in the mud,0,CHI,1.143,917.5,FALSE,FALSE,020604,0
jillian,020616,and then all the mommy was and then the Jillysaurs camed,CAT,the Jillysaurs came,8.8553,TRUE,FALSE,TRUE,2.544832306639288,11,5,460,30,11,30,this little boy when I was old I didn't want this,no,0,CHI,25.92685,929.5,FALSE,FALSE,020616,0
jillian,020616,and then I hided,CAT,oh no,4.13465,TRUE,FALSE,TRUE,2.544832306639288,4,3,370,30,4,30,can you draw Cinderella,you want me to draw Cinderella,0,CHI,20.411350000000002,917.5,FALSE,FALSE,020604,0
jillian,020616,and then I hided,CAT,oh no,4.13465,TRUE,FALSE,TRUE,2.544832306639288,4,3,370,30,4,30,there he is again,oh_my_goodness,0,CHI,2.221166666666667,929.5,FALSE,FALSE,020616,0
jillian,020616,and then I hided,CAT,oh no,4.13465,TRUE,FALSE,TRUE,2.544832306639288,4,3,370,30,4,30,and I'll do this,so what did you do today Jillian,0,CHI,20.2781,929.5,FALSE,FALSE,020616,0
jillian,020616,flied around the dinosaurs,CAT,he did,3.8958,TRUE,FALSE,TRUE,2.544832306639288,4,2,620,30,4,30,the baby baby Allosauruses,really,0,CHI,7.115683333333333,929.5,FALSE,FALSE,020616,0
jillian,020616,flied around the dinosaurs,CAT,he did,3.8958,TRUE,FALSE,TRUE,2.544832306639288,4,2,620,30,4,30,can you tell it,you were gonna tell it,0,CHI,27.7563,917.5,FALSE,FALSE,020604,0
jillian,020616,flied around the dinosaurs,CAT,he did,3.8958,TRUE,FALSE,TRUE,2.544832306639288,4,2,620,30,4,30,is this a statue,I don't know,0,CHI,30.7923,929.5,FALSE,FALSE,020616,0
jillian,020616,only all my friends camed,CAT,wow,8.065216667,TRUE,FALSE,TRUE,2.544832306639288,5,4,780,30,5,30,yeah can I wash him,sure can,0,CHI,3.933983333333333,917.5,FALSE,FALSE,020604,0
jillian,020616,only all my friends camed,CAT,wow,8.065216667,TRUE,FALSE,TRUE,2.544832306639288,5,4,780,30,5,30,did you xxx the Allosaurus,did I what,0,CHI,15.6111,929.5,FALSE,FALSE,020616,0
jillian,020616,only all my friends camed,CAT,wow,8.065216667,TRUE,FALSE,TRUE,2.544832306639288,5,4,780,30,5,30,and all the babies hatched,all the babies hatched,0,CHI,9.2568,929.5,FALSE,FALSE,020616,0
jillian,020616,then you growed up now to be the daddy,CAT,yep and now I'm a daddy dinosaur,21.04918333,TRUE,FALSE,TRUE,2.544832306639288,9,6,260,30,9,30,I'll make some eggs on my on the grass,you're making some eggs,0,CHI,18.483483333333332,929.5,FALSE,FALSE,020616,0
jillian,020616,then you growed up now to be the daddy,CAT,yep and now I'm a daddy dinosaur,21.04918333,TRUE,FALSE,TRUE,2.544832306639288,9,6,260,30,9,30,then the dad came and slipped on a tree,he slipped on a tree,0,CHI,1.8104833333333334,929.5,FALSE,FALSE,020616,0
jillian,020616,then you growed up now to be the daddy,CAT,yep and now I'm a daddy dinosaur,21.04918333,TRUE,FALSE,TRUE,2.544832306639288,9,6,260,30,9,30,can you tell the stepsisters to rip Cinderella's dress,oh they rip up her dress,0,CHI,30.672483333333332,917.5,FALSE,FALSE,020604,0
jillian,020616,they're growed up,CAT,they did,21.49611667,TRUE,FALSE,TRUE,2.544832306639288,3,7,350,30,3,30,for big size,the Jilly dinosaurs were big,0,CHI,8.99385,929.5,FALSE,FALSE,020616,0
jillian,020616,they're growed up,CAT,they did,21.49611667,TRUE,FALSE,TRUE,2.544832306639288,3,7,350,30,3,30,all the dinosaurs,all of them,0,CHI,5.350816666666666,929.5,FALSE,FALSE,020616,0
jillian,020616,they're growed up,CAT,they did,21.49611667,TRUE,FALSE,TRUE,2.544832306639288,3,7,350,30,3,30,grown up now,you're grown up,0,CHI,9.08335,929.5,FALSE,FALSE,020616,0
jillian,020616,when he camed,CAT,that's a great story,1.445566667,TRUE,FALSE,TRUE,2.544832306639288,3,1,515,30,3,30,to his mommy,disappeared behind Cathy,0,CHI,8.598166666666666,917.5,FALSE,FALSE,020604,0
jillian,020616,when he camed,CAT,that's a great story,1.445566667,TRUE,FALSE,TRUE,2.544832306639288,3,1,515,30,3,30,and her stepsisters,and the stepsisters right,0,CHI,22.327650000000002,917.5,FALSE,FALSE,020604,0
jillian,020616,when he camed,CAT,that's a great story,1.445566667,TRUE,FALSE,TRUE,2.544832306639288,3,1,515,30,3,30,like you are,yeah,0,CHI,30.2909,929.5,FALSE,FALSE,020616,0
jillian,020616,you growed up and then that's the daddy,CAT,oh,30.19975,TRUE,FALSE,TRUE,2.544832306639288,8,8,240,30,8,30,do you f miss your friend the Allosaurus,yes I do,0,CHI,16.012566666666668,929.5,FALSE,FALSE,020616,0
jillian,020616,you growed up and then that's the daddy,CAT,oh,30.19975,TRUE,FALSE,TRUE,2.544832306639288,8,8,240,30,8,30,now all the baby dinosaurs are comin out,wow,0,CHI,27.07005,929.5,FALSE,FALSE,020616,0
jillian,020616,you growed up and then that's the daddy,CAT,oh,30.19975,TRUE,FALSE,TRUE,2.544832306639288,8,8,240,30,8,30,that's my present when I was a baby,oh,0,CHI,30.60665,929.5,FALSE,FALSE,020616,0
jillian,020707,he falled into this river,INV,he did,18.89198333,TRUE,FALSE,TRUE,2.6036960985626285,5,2,150,31,5,31,he says hi to Jillian,hi Jillian,0,CHI,18.089,951,FALSE,FALSE,020707,0
jillian,020707,he falled into this river,INV,he did,18.89198333,TRUE,FALSE,TRUE,2.6036960985626285,5,2,150,31,5,31,oh this can't be Jillian,it can't be Jillian why,0,CHI,27.536883333333332,951,FALSE,FALSE,020707,0
jillian,020707,he falled into this river,INV,he did,18.89198333,TRUE,FALSE,TRUE,2.6036960985626285,5,2,150,31,5,31,you can go to bed,he can go to bed now,0,CHI,20.583900000000003,951,FALSE,FALSE,020707,0
jillian,020707,he went home and ated some trees that were brokened,INV,oh okay,18.67058333,TRUE,FALSE,TRUE,2.6036960985626285,10,1,190,31,10,31,you are you bringing these are you bringing these out,let's see,0,CHI,11.33975,951,FALSE,FALSE,020707,0
jillian,020707,he went home and ated some trees that were brokened,INV,oh okay,18.67058333,TRUE,FALSE,TRUE,2.6036960985626285,10,1,190,31,10,31,now this is his comfy comfy his comfy comfy washcloth,oh is it nice and soft,0,CHI,25.920366666666666,951,FALSE,FALSE,020707,0
jillian,020707,he went home and ated some trees that were brokened,INV,oh okay,18.67058333,TRUE,FALSE,TRUE,2.6036960985626285,10,1,190,31,10,31,and their teacher tells them to sit down until story,oh,0,CHI,9.9772,951,FALSE,FALSE,020707,0
jillian,020916,they doed her maked her do her chores,MOT,they made her do her chores,3.276566667,TRUE,FALSE,TRUE,2.7953456536618755,8,1,4990,33,8,33,that's their their perch that they sleep in,that's the part of the tree that they sleep in,0,CHI,22.243266666666667,1035.5,FALSE,FALSE,021000,0
jillian,020916,they doed her maked her do her chores,MOT,they made her do her chores,3.276566667,TRUE,FALSE,TRUE,2.7953456536618755,8,1,4990,33,8,33,what is she saying to the little baby,what about here,9,CHI,8.023466666666668,1035.5,FALSE,FALSE,021000,0
jillian,020916,they doed her maked her do her chores,MOT,they made her do her chores,3.276566667,TRUE,FALSE,TRUE,2.7953456536618755,8,1,4990,33,8,33,and the grandpa dinosaur's growing up so fast,I don't remember that in the actual movie but I think that this is very funny,0,CHI,27.897583333333333,1035.5,FALSE,FALSE,021000,0
matt,020510,okay I founding the little mans,MOT,did you say finding or founding,NA,FALSE,TRUE,TRUE,2.4449007529089664,6,1,910,29,6,29,here here it have a battery,no I think Dad took the batteries out doesn't have batteries,0,CHI,0,887,FALSE,FALSE,020504,0
matt,020510,okay I founding the little mans,MOT,did you say finding or founding,NA,FALSE,TRUE,TRUE,2.4449007529089664,6,1,910,29,6,29,Momma I found one and tongue,you found one and tongue,0,CHI,0,887,FALSE,FALSE,020504,0
matt,020510,okay I founding the little mans,MOT,did you say finding or founding,NA,FALSE,TRUE,TRUE,2.4449007529089664,6,1,910,29,6,29,in the in the truck too,in the truck too,0,CHI,0,887,FALSE,FALSE,020504,0
matt,020707,it flyed,MOT,it flyed,NA,TRUE,FALSE,TRUE,2.6036960985626285,2,2,300,31,2,29,Momma's work,Momma's work,0,CHI,0,887,FALSE,FALSE,020504,2
matt,020707,it flyed,MOT,it flyed,NA,TRUE,FALSE,TRUE,2.6036960985626285,2,2,300,31,2,29,that Sulley,that's Sulley yep,0,CHI,0,887,FALSE,FALSE,020504,2
matt,020707,it flyed,MOT,it flyed,NA,TRUE,FALSE,TRUE,2.6036960985626285,2,2,300,31,2,29,green popsicle,popsicle,0,CHI,0,887,FALSE,FALSE,020504,2
matt,040405,he stucked his hand in it he stucked his hand in it,MOT,he sticks his hand in it he did,NA,TRUE,FALSE,TRUE,4.347707049965777,12,1,-473,52,13,55,oh yeah um I can sit in the middle of the whole gym,uhhuh,0,CHI,0,1692.5,FALSE,FALSE,040718,4
matt,040405,he stucked his hand in it he stucked his hand in it,MOT,he sticks his hand in it he did,NA,TRUE,FALSE,TRUE,4.347707049965777,12,1,-473,52,13,55,he was eating the electricity where the electricity comes to the boy's house,mhm,0,CHI,0,1692.5,FALSE,FALSE,040718,4
matt,040405,he stucked his hand in it he stucked his hand in it,MOT,he sticks his hand in it he did,NA,TRUE,FALSE,TRUE,4.347707049965777,12,1,-473,52,13,55,yeah but maybe the bunk xxx a tiny bit higher for her too,a tiny bit higher for her too,0,CHI,0,1692.5,FALSE,FALSE,040718,4
sachs,021112,I writed a,MOT,well somebody in the store made that circle around that color honey,NA,TRUE,FALSE,TRUE,2.951403148528405,3,2,73,35,3,35,I'm going to,you going to tear that in another piece,0,CHI,0,1078,FALSE,FALSE,021112,0
sachs,021112,I writed a,MOT,well somebody in the store made that circle around that color honey,NA,TRUE,FALSE,TRUE,2.951403148528405,3,2,73,35,3,35,that was funny,do you think this one is going to fit,0,CHI,0,1078,FALSE,FALSE,021112,0
sachs,021112,I writed a,MOT,well somebody in the store made that circle around that color honey,NA,TRUE,FALSE,TRUE,2.951403148528405,3,2,73,35,3,35,the grass is,the grass is your favorite,0,CHI,0,1074,FALSE,FALSE,021108,0
sachs,021112,somebody writed more,MOT,mhm,NA,TRUE,FALSE,TRUE,2.951403148528405,3,3,20,35,3,35,from up there,here's a blanket,0,CHI,0,1074,FALSE,FALSE,021108,0
sachs,021112,somebody writed more,MOT,mhm,NA,TRUE,FALSE,TRUE,2.951403148528405,3,3,20,35,3,35,something was bending,uhhuh,0,CHI,0,1078,FALSE,FALSE,021112,0
sachs,021112,somebody writed more,MOT,mhm,NA,TRUE,FALSE,TRUE,2.951403148528405,3,3,20,35,3,35,look_it some kittens,uhhuh,0,CHI,0,1079,FALSE,FALSE,021113,0
sachs,021112,you getted the blister out,MOT,yeah I didn't take that one out did I,NA,TRUE,FALSE,TRUE,2.951403148528405,5,1,69,35,5,35,I want my other sticky,I just have one honey,0,CHI,0,1078,FALSE,FALSE,021112,0
sachs,021112,you getted the blister out,MOT,yeah I didn't take that one out did I,NA,TRUE,FALSE,TRUE,2.951403148528405,5,1,69,35,5,35,can I have another one,another sticker,0,CHI,0,1078,FALSE,FALSE,021112,0
sachs,021112,you getted the blister out,MOT,yeah I didn't take that one out did I,NA,TRUE,FALSE,TRUE,2.951403148528405,5,1,69,35,5,35,no yours did tear off,it did,0,CHI,0,1079,FALSE,FALSE,021113,0
sachs,030327,and one two mean mans,FAT,two mean mans and one mean lady,NA,FALSE,TRUE,TRUE,3.324435318275154,5,1,1670,39,5,39,he's pounding on that sand,what that,0,CHI,0,1214.25,FALSE,FALSE,030327,0
sachs,030327,and one two mean mans,FAT,two mean mans and one mean lady,NA,FALSE,TRUE,TRUE,3.324435318275154,5,1,1670,39,5,39,I like this Porschla car,it's a very expensive car,0,CHI,0,1217.75,FALSE,FALSE,030400,0
sachs,030327,and one two mean mans,FAT,two mean mans and one mean lady,NA,FALSE,TRUE,TRUE,3.324435318275154,5,1,1670,39,5,39,and a pear an apple,now how many apples are there,0,CHI,0,1214.25,FALSE,FALSE,030327,0
sachs,040728,I bented my belly,FAT,oh,NA,TRUE,FALSE,TRUE,4.661190965092403,4,2,120,55,4,55,I bounced my ball,mhm,0,CHI,0,1702.5,FALSE,FALSE,040728,0
sachs,040728,I bented my belly,FAT,oh,NA,TRUE,FALSE,TRUE,4.661190965092403,4,2,120,55,4,55,is xxx name Pogo,mhm,0,CHI,0,1702.5,FALSE,FALSE,040728,0
sachs,040728,I bented my belly,FAT,oh,NA,TRUE,FALSE,TRUE,4.661190965092403,4,2,120,55,4,55,I was so slow,oh,0,CHI,0,1702.5,FALSE,FALSE,040728,0
emily,021115,I goed like this I goed like this when I goed ow,CAR,you hit yourself,24.44428333,TRUE,FALSE,TRUE,2.9596167008898013,12,3,690,35,12,35,I hafta my I hafta get my shirt here so I can,you hafta get your shirt in th in the d_v_d,0,CHI,15.515383333333334,1095,FALSE,FALSE,021129,0
emily,030012,and we comed over and then it was your birthday and we make the cake,CAR,yeah,3.5519,TRUE,FALSE,TRUE,3.0328542094455853,15,1,580,36,15,36,oh the cats can play with it the cats can play with it in there,in where,0,CHI,7.15355,1118.75,FALSE,FALSE,030023,0
emily,030409,and Mommy sitted there they came here and they gave it to my mommy and she sat there and I'm gonna buy one of those toys for Tiki whoa,CAR,look out what just happened,1.766116667,TRUE,FALSE,TRUE,3.3586584531143053,29,1,340,40,29,36,I got juice for you in my pack and I got lunch for you in my pack and I got lunch for me and I got juice for me,yeah,0,CHI,29.468433333333333,1107.75,FALSE,FALSE,030012,4
emily,030409,and Mommy sitted there they came here and they gave it to my mommy and she sat there and I'm gonna buy one of those toys for Tiki whoa,CAR,look out what just happened,1.766116667,TRUE,FALSE,TRUE,3.3586584531143053,29,1,340,40,25,40,why does your cats why does your cats why's your why do your cats your cats jump up on the seats and don't wanna play,why do your cats jump on seats,0,CHI,14.446233333333334,1226.75,FALSE,FALSE,030409,4
emma,021116,yes and the roar was so scared the flower goed away,FAT,the flower goed away,8.21185,TRUE,FALSE,TRUE,2.9623545516769334,11,1,230,35,11,35,and his other older sister is going to bring him down,who's the older sister,0,CHI,13.41065,1082,FALSE,FALSE,021116,0
emma,030907,yeah I maded it and I have I had kayak clothes on,FAT,oh great okay I get it,28.97626667,TRUE,FALSE,TRUE,3.7707049965776864,12,1,670,45,12,45,and my credit card in the basket and I can carry it,ooh my gosh,0,CHI,24.89538333333333,1377.25,FALSE,FALSE,030907,0
emma,040300,no she bringed all these aminals but she didn't bring this,LAU,oh the silo,1.775016667,TRUE,FALSE,TRUE,4.250513347022587,11,2,80,50,11,50,you can have the I get I'm gonna have the horsies,okay and I get the sheep,0,CHI,2.9108500000000004,1552.5,FALSE,FALSE,040300,0
emma,040418,I heard that we need chocolate chips and I bringed them over,LAU,mhm,7.745383333,TRUE,FALSE,TRUE,4.383299110198494,12,1,157,52,12,52,no that's xxx well you hafta stand you hafta stand right here,okay,-0.7,CHI,8.99415,1601,FALSE,FALSE,040418,0
jillian,020325,and I doed that yester when I goed to school,JEN,can I see it,19.83948333,TRUE,FALSE,TRUE,2.31895961670089,10,2,-2080,27,10,27,just a doggie in the in my in m house,daddy in your house,0,CHI,15.176666666666668,847,FALSE,FALSE,020325,0
jillian,020325,and I doed that yester when I goed to school,JEN,can I see it,19.83948333,TRUE,FALSE,TRUE,2.31895961670089,10,2,-2080,27,10,27,she she sits down and her mommy gets a present,huh,0,CHI,19.111983333333335,839,FALSE,FALSE,020317,0
matt,020707,he um fly flying his he flyed his kite and it fell on the cow,MOT,that's right he flyed his kite and then it fell on the cow,NA,TRUE,FALSE,TRUE,2.6036960985626285,15,1,380,31,10,29,dadda have a big one dadda have a big one,dadda have a big one,0,CHI,0,887,FALSE,FALSE,020504,7
sachs,020909,yester morning I maked a tiger,MOT,you did,NA,TRUE,FALSE,TRUE,2.7761806981519506,6,1,595,33,6,33,I want up on my chair,okay you can go up on your chair,0,CHI,0,1014,FALSE,FALSE,020909,0
sachs,020909,yester morning I maked a tiger,MOT,you did,NA,TRUE,FALSE,TRUE,2.7761806981519506,6,1,595,33,6,33,you get my Play_Doh right here,mhm,0,CHI,0,1014,FALSE,FALSE,020909,0
emily,021115,I goed like this I goed like this when I goed ow,CAR,you hit yourself,24.44428333,TRUE,FALSE,TRUE,2.9596167008898013,12,3,690,35,11,36,no xxx friend the snake I think he's got itchy oochies,itchy oochies,0,CHI,15.7873,1118.75,FALSE,FALSE,030023,2
emily,021115,I goed like this I goed like this when I goed ow,CAR,you hit yourself,24.44428333,TRUE,FALSE,TRUE,2.9596167008898013,12,3,690,35,10,35,and I think he wants us for a midnight snack,NA,0,CHI,11.235899999999999,1081,FALSE,FALSE,021115,2
emily,030012,and we comed over and then it was your birthday and we make the cake,CAR,yeah,3.5519,TRUE,FALSE,TRUE,3.0328542094455853,15,1,580,36,15,34,I went up in my room and me and my mom had a little talk,you did,0,CHI,24.202533333333335,1042.5,FALSE,FALSE,021007,2
emily,030012,and we comed over and then it was your birthday and we make the cake,CAR,yeah,3.5519,TRUE,FALSE,TRUE,3.0328542094455853,15,1,580,36,15,38,I just poured some out of the cup because there were because it was full,oh,0,CHI,10.0009,1189.25,FALSE,FALSE,030302,2
emily,030409,and Mommy sitted there they came here and they gave it to my mommy and she sat there and I'm gonna buy one of those toys for Tiki whoa,CAR,look out what just happened,1.766116667,TRUE,FALSE,TRUE,3.3586584531143053,29,1,340,40,20,40,you can go over it the le the left bow or the left ear or the r the right ear,yeah you can put the hat over the left or the right ear,0,CHI,16.050483333333332,1226.75,FALSE,FALSE,030409,9
emma,021116,yes and the roar was so scared the flower goed away,FAT,the flower goed away,8.21185,TRUE,FALSE,TRUE,2.9623545516769334,11,1,230,35,9,35,no he was sayin he hides from the lion,oh yeah,0,CHI,23.291800000000002,1082,FALSE,FALSE,021116,2
emma,021116,yes and the roar was so scared the flower goed away,FAT,the flower goed away,8.21185,TRUE,FALSE,TRUE,2.9623545516769334,11,1,230,35,9,35,do you wanna go in this tur turtle baby,I don't know what's that turtle like,0,CHI,24.230816666666666,1082,FALSE,FALSE,021116,2
emma,030907,yeah I maded it and I have I had kayak clothes on,FAT,oh great okay I get it,28.97626667,TRUE,FALSE,TRUE,3.7707049965776864,12,1,670,45,10,45,I will you can have a little bit of this,eh that didn't help,0,CHI,15.086933333333333,1377.25,FALSE,FALSE,030907,2
emma,030907,yeah I maded it and I have I had kayak clothes on,FAT,oh great okay I get it,28.97626667,TRUE,FALSE,TRUE,3.7707049965776864,12,1,670,45,11,44,he wanted to play with Ernie too ah in the sand,all right I wanna play in the sand,0,CHI,24.3189,1361.75,FALSE,FALSE,030822,2
emma,040300,no she bringed all these aminals but she didn't bring this,LAU,oh the silo,1.775016667,TRUE,FALSE,TRUE,4.250513347022587,11,2,80,50,9,50,she's surprised that you brought everything that Jessica got,yeah,0,CHI,4.7014000000000005,1552.5,FALSE,FALSE,040300,2
emma,040300,no she bringed all these aminals but she didn't bring this,LAU,oh the silo,1.775016667,TRUE,FALSE,TRUE,4.250513347022587,11,2,80,50,9,50,yeah you can have the twin cows and sheep,okay,0,CHI,3.1555000000000004,1552.5,FALSE,FALSE,040300,2
emma,040418,I heard that we need chocolate chips and I bringed them over,LAU,mhm,7.745383333,TRUE,FALSE,TRUE,4.383299110198494,12,1,157,52,11,51,two of us are gonna stay here the babysitter and me,and Tinkerbell,0,CHI,18.943083333333334,1573.5,FALSE,FALSE,040321,2
emma,040418,I heard that we need chocolate chips and I bringed them over,LAU,mhm,7.745383333,TRUE,FALSE,TRUE,4.383299110198494,12,1,157,52,11,51,we're gonna have they're gonna have the parade in the house,let's make um instead of a cake what what other dessert could we make him,0,CHI,3.9387666666666665,1580.5,FALSE,FALSE,040328,2
jillian,020325,and I doed that yester when I goed to school,JEN,can I see it,19.83948333,TRUE,FALSE,TRUE,2.31895961670089,10,2,-2080,27,8,27,what's that sound over xxx across the ro,I bet you those are students,0,CHI,14.564033333333333,839,FALSE,FALSE,020317,2
sachs,020909,yester morning I maked a tiger,MOT,you did,NA,TRUE,FALSE,TRUE,2.7761806981519506,6,1,595,33,4,33,my Play_Doh isn't thick,oh you want it over on this side,0,CHI,0,1014,FALSE,FALSE,020909,2
sachs,040728,I bented my belly,FAT,you did what,NA,TRUE,FALSE,TRUE,4.661190965092403,4,1,35,55,5,55,someone was riding on it,do you remember how you said that,0,CHI,0,1702.5,FALSE,FALSE,040728,1
sachs,040728,I bented my belly,FAT,you did what,NA,TRUE,FALSE,TRUE,4.661190965092403,4,1,35,55,5,55,it swam again and xxx,don't drop it please,0,CHI,0,1702.5,FALSE,FALSE,040728,1
sachs,040728,I bented my belly,FAT,you did what,NA,TRUE,FALSE,TRUE,4.661190965092403,4,1,35,55,5,55,now it's time to backy,how would a boy say it,0,CHI,0,1702.5,FALSE,FALSE,040728,1
matt,020707,he um fly flying his he flyed his kite and it fell on the cow,MOT,that's right he flyed his kite and then it fell on the cow,NA,TRUE,FALSE,TRUE,2.6036960985626285,15,1,380,31,8,29,I have a I have a big Woody,you have a big Woody oh yeah you know I don't know where Woody is,0,CHI,0,887,FALSE,FALSE,020504,9
matt,020707,he um fly flying his he flyed his kite and it fell on the cow,MOT,that's right he flyed his kite and then it fell on the cow,NA,TRUE,FALSE,TRUE,2.6036960985626285,15,1,380,31,7,29,my Woody my Woody in the closet,oh your Woody in the closet well maybe,0,CHI,0,887,FALSE,FALSE,020504,10
